{"Mean":{"confidence_interval":{"confidence_level":0.95,"lower_bound":87.05184011799774,"upper_bound":87.98575702557581},"point_estimate":87.48071706952832,"standard_error":0.23912697858185716},"Median":{"confidence_interval":{"confidence_level":0.95,"lower_bound":86.45790676281196,"upper_bound":86.78954653169022},"point_estimate":86.60096796583042,"standard_error":0.09122222912463095},"MedianAbsDev":{"confidence_interval":{"confidence_level":0.95,"lower_bound":0.41838193019109937,"upper_bound":0.8960569925691674},"point_estimate":0.6228961379369049,"standard_error":0.11294657568720068},"Slope":{"confidence_interval":{"confidence_level":0.95,"lower_bound":86.65518567295989,"upper_bound":87.23842872830598},"point_estimate":86.90590215283662,"standard_error":0.1509487283892163},"StdDev":{"confidence_interval":{"confidence_level":0.95,"lower_bound":1.461129673262924,"upper_bound":3.334812151783675},"point_estimate":2.4098515900384716,"standard_error":0.4968975723681781}}