{"Mean":{"confidence_interval":{"confidence_level":0.95,"lower_bound":65.99517187322607,"upper_bound":68.34374432773626},"point_estimate":67.09231060182475,"standard_error":0.6017345839315508},"Median":{"confidence_interval":{"confidence_level":0.95,"lower_bound":64.95615274761239,"upper_bound":66.90545505935557},"point_estimate":65.85571781419542,"standard_error":0.4243362184622661},"MedianAbsDev":{"confidence_interval":{"confidence_level":0.95,"lower_bound":2.5915852683301344,"upper_bound":4.293928338930261},"point_estimate":3.4698689444595785,"standard_error":0.45084690249730586},"Slope":{"confidence_interval":{"confidence_level":0.95,"lower_bound":64.14268960247277,"upper_bound":65.41527116264042},"point_estimate":64.72594480534045,"standard_error":0.32461814275162737},"StdDev":{"confidence_interval":{"confidence_level":0.95,"lower_bound":3.8313093769712063,"upper_bound":7.893830266885501},"point_estimate":6.050474047203692,"standard_error":1.038446311289383}}