{"Mean":{"confidence_interval":{"confidence_level":0.95,"lower_bound":63.44919690036644,"upper_bound":64.01613786707155},"point_estimate":63.709988548352925,"standard_error":0.14513275260652117},"Median":{"confidence_interval":{"confidence_level":0.95,"lower_bound":63.06049856836388,"upper_bound":63.279745294862586},"point_estimate":63.152673320852315,"standard_error":0.0585487800566584},"MedianAbsDev":{"confidence_interval":{"confidence_level":0.95,"lower_bound":0.2763109727262485,"upper_bound":0.6084021855024382},"point_estimate":0.3943932185616648,"standard_error":0.08982896677040095},"Slope":{"confidence_interval":{"confidence_level":0.95,"lower_bound":63.20904733705751,"upper_bound":63.46732940797497},"point_estimate":63.329837342862376,"standard_error":0.06566054338670181},"StdDev":{"confidence_interval":{"confidence_level":0.95,"lower_bound":0.9080583405621647,"upper_bound":1.9659927618937132},"point_estimate":1.4601921863909069,"standard_error":0.272649888752319}}