{"Mean":{"confidence_interval":{"confidence_level":0.95,"lower_bound":61.582237174357545,"upper_bound":62.561538178574565},"point_estimate":62.03462235374136,"standard_error":0.25080034885207647},"Median":{"confidence_interval":{"confidence_level":0.95,"lower_bound":60.99843566828043,"upper_bound":61.58187263170762},"point_estimate":61.29044189141136,"standard_error":0.14977260644705803},"MedianAbsDev":{"confidence_interval":{"confidence_level":0.95,"lower_bound":0.7849377146631341,"upper_bound":1.3994995858306944},"point_estimate":1.0473095360425548,"standard_error":0.16055494214151272},"Slope":{"confidence_interval":{"confidence_level":0.95,"lower_bound":61.258721326270866,"upper_bound":61.95827085348923},"point_estimate":61.586636397790805,"standard_error":0.17882756938652952},"StdDev":{"confidence_interval":{"confidence_level":0.95,"lower_bound":1.4976230953582321,"upper_bound":3.387263702548064},"point_estimate":2.5181619844529317,"standard_error":0.48150135517410186}}