{"Mean":{"confidence_interval":{"confidence_level":0.95,"lower_bound":49.20837987920229,"upper_bound":49.76397749820857},"point_estimate":49.46419155379866,"standard_error":0.14208595305618632},"Median":{"confidence_interval":{"confidence_level":0.95,"lower_bound":48.723028731550755,"upper_bound":49.19748897587078},"point_estimate":49.07249448625181,"standard_error":0.13079383345701767},"MedianAbsDev":{"confidence_interval":{"confidence_level":0.95,"lower_bound":0.398056044278256,"upper_bound":0.97414485012248},"point_estimate":0.8083677278528902,"standard_error":0.156698859894922},"Slope":{"confidence_interval":{"confidence_level":0.95,"lower_bound":49.06052884675802,"upper_bound":49.37675780580239},"point_estimate":49.21431198270127,"standard_error":0.08063297265856792},"StdDev":{"confidence_interval":{"confidence_level":0.95,"lower_bound":0.8763799271200289,"upper_bound":1.9365257514294267},"point_estimate":1.426350181184347,"standard_error":0.27497339652575864}}