{"Mean":{"confidence_interval":{"confidence_level":0.95,"lower_bound":61.93820368322691,"upper_bound":63.34073149834009},"point_estimate":62.58699797877064,"standard_error":0.3576641154641766},"Median":{"confidence_interval":{"confidence_level":0.95,"lower_bound":61.402485821551245,"upper_bound":62.79246495327103},"point_estimate":62.47759863431826,"standard_error":0.4440998921483369},"MedianAbsDev":{"confidence_interval":{"confidence_level":0.95,"lower_bound":2.4158863023008794,"upper_bound":3.994923225835256},"point_estimate":3.41332152207569,"standard_error":0.4029848536967118},"Slope":{"confidence_interval":{"confidence_level":0.95,"lower_bound":62.434127353080605,"upper_bound":63.98667812833028},"point_estimate":63.156120312843115,"standard_error":0.3962388266740227},"StdDev":{"confidence_interval":{"confidence_level":0.95,"lower_bound":2.312316902586992,"upper_bound":4.985292942541019},"point_estimate":3.593005600338916,"standard_error":0.7384828167704188}}