{"Mean":{"confidence_interval":{"confidence_level":0.95,"lower_bound":86.74352347196503,"upper_bound":89.35589897729795},"point_estimate":87.89770518573857,"standard_error":0.6702355324106944},"Median":{"confidence_interval":{"confidence_level":0.95,"lower_bound":85.90700351278413,"upper_bound":86.21543476264806},"point_estimate":86.04580917200511,"standard_error":0.07913060239610711},"MedianAbsDev":{"confidence_interval":{"confidence_level":0.95,"lower_bound":0.45975020075528894,"upper_bound":0.8365142467263894},"point_estimate":0.6148778331932473,"standard_error":0.09703015369522204},"Slope":{"confidence_interval":{"confidence_level":0.95,"lower_bound":86.24632143789032,"upper_bound":87.38402478899616},"point_estimate":86.73524587670643,"standard_error":0.29093179814792136},"StdDev":{"confidence_interval":{"confidence_level":0.95,"lower_bound":2.943383223621921,"upper_bound":9.569471970314714},"point_estimate":6.737079131852596,"standard_error":1.6698367615604546}}